{
    "configurations": [
        {
            "name": "Win32",
            "includePath": [
                "C:/mingw-w64/x86_64-8.1.0-win32-seh-rt_v6-rev0/mingw64/lib/gcc/x86_64-w64-mingw32/8.1.0/include/c++/*",
                "C:/mingw-w64/x86_64-8.1.0-win32-seh-rt_v6-rev0/mingw64/lib/gcc/x86_64-w64-mingw32/8.1.0/include/c++/x86_64-w64-mingw32/*"
            ],
            "browse": {
                "limitSymbolsToIncludedHeaders": true,
                "databaseFilename": ""
            },
            "defines": [
                "_DEBUG",
                "UNICODE",
                "_UNICODE"
            ],
            "windowsSdkVersion": "10.0.18362.0",
            "compilerPath": "C:/mingw-w64/x86_64-8.1.0-win32-seh-rt_v6-rev0/mingw64/bin/g++.exe",
            "cppStandard": "c++17",
            "intelliSenseMode": "clang-x64",
            "cStandard": "c11"
        }
    ],
    "version": 4
}