{
    "version": "2.0.0",
    "tasks": [
        {
            "type": "shell",
            "label": "g++.exe build active file",
            "command": "C:\\mingw-w64\\x86_64-8.1.0-win32-seh-rt_v6-rev0\\mingw64\\bin\\g++.exe",
            "args": [
                "-g",
                "${file}",
                "-o",
                "${fileDirname}\\Program\\${fileBasenameNoExtension}.exe"
            ],
            "options": {
                "cwd": "C:\\mingw-w64\\x86_64-8.1.0-win32-seh-rt_v6-rev0\\mingw64\\bin"
            },
            "problemMatcher": [
                "$gcc"
            ],
            "group": {
                "kind": "build",
                "isDefault": true
            }
        }
    ]
}